Date,Open,High,Low,Close,Volume,SMA_3,EMA_3,Daily_Return,Rolling_Std_3
2023-01-02,4.64,4.8,4.55,4.7,2009500.0,4.7,4.7,0.0,0.08400542166505173
2023-01-03,4.75,4.79,4.69,4.72,1181500.0,4.72,4.71,0.004255319148936065,0.08400542166505173
2023-01-04,4.75,4.75,4.69,4.71,902500.0,4.71,4.71,-0.0021186440677966045,0.009999999999999787
2023-01-05,4.7,4.77,4.65,4.76,1719500.0,4.73,4.734999999999999,0.010615711252653925,0.02645751311064597
2023-01-06,4.75,4.79,4.68,4.71,937000.0,4.726666666666667,4.7225,-0.010504201680672232,0.02886751345948131
2023-01-09,4.62,4.74,4.6,4.66,1178500.0,4.71,4.69125,-0.010615711252653925,0.04999999999999982
2023-01-10,4.67,4.78,4.67,4.74,342000.0,4.703333333333334,4.715625,0.017167381974249052,0.040414518843273656
2023-01-11,4.7,4.78,4.6,4.66,1107000.0,4.6866666666666665,4.6878125,-0.016877637130801704,0.04618802153517028
2023-01-12,4.71,4.78,4.68,4.73,554500.0,4.71,4.70890625,0.015021459227467782,0.04358898943540654
2023-01-13,4.69,4.84,4.6,4.64,832000.0,4.676666666666667,4.674453124999999,-0.019027484143763318,0.04725815626252687
2023-01-16,4.71,4.78,4.6,4.61,446500.0,4.66,4.642226562499999,-0.006465517241379226,0.06244997998398484
2023-01-17,4.58,4.63,4.45,4.49,1624500.0,4.58,4.56611328125,-0.026030368763557465,0.07937253933193965
2023-01-18,4.51,4.59,4.49,4.54,626500.0,4.546666666666667,4.553056640625,0.011135857461024523,0.060277137733420666
2023-01-19,4.64,4.64,4.49,4.52,2091500.0,4.516666666666667,4.5365283203125,-0.00440528634361248,0.02516611478424573
2023-01-20,4.49,4.55,4.45,4.5,538000.0,4.52,4.518264160156249,-0.004424778761061843,0.0200000000000123
2023-01-23,4.49,4.59,4.41,4.53,1286500.0,4.516666666666667,4.524132080078125,0.006666666666666821,0.015275252316535703
2023-01-24,4.49,4.59,4.45,4.51,1369500.0,4.513333333333334,4.5170660400390625,-0.004415011037527727,0.015275252316536116
2023-01-25,4.58,4.68,4.5,4.6,2375000.0,4.546666666666666,4.5585330200195315,0.019955654101995624,0.04725815626253016
2023-01-26,4.6,4.83,4.6,4.75,7057500.0,4.62,4.654266510009766,0.03260869565217406,0.12124355652982212
2023-01-27,4.79,4.85,4.62,4.63,3922000.0,4.66,4.642133255004882,-0.025263157894736876,0.07937253933193787
2023-01-30,4.7,4.75,4.62,4.64,866000.0,4.673333333333333,4.6410666275024415,0.002159827213822796,0.06658328118479362
2023-01-31,4.65,4.75,4.63,4.73,1196500.0,4.666666666666667,4.685533313751221,0.019396551724138122,0.0550757054728611
2023-02-01,4.71,4.83,4.7,4.82,2046000.0,4.73,4.752766656875611,0.019027484143763207,0.08999999999999982
2023-02-02,4.85,4.85,4.72,4.79,1567000.0,4.78,4.771383328437805,-0.006224066390041583,0.04582575694955712
2023-02-03,4.8,4.85,4.74,4.83,1429500.0,4.8133333333333335,4.800691664218903,0.008350730688935215,0.020816659994659162
2023-02-06,4.82,4.9,4.8,4.88,1543000.0,4.833333333333333,4.840345832109451,0.010351966873705987,0.04509249752822751
2023-02-07,4.94,4.94,4.9,4.91,789500.0,4.873333333333334,4.8751729160547255,0.006147540983606703,0.04041451884327165
2023-02-08,4.88,4.94,4.81,4.84,1529000.0,4.876666666666666,4.857586458027363,-0.014256619144602856,0.035118845842840224
2023-02-09,4.87,4.94,4.85,4.93,4736000.0,4.8933333333333335,4.893793229013681,0.018595041322313932,0.04725815626252369
2023-02-10,4.86,5.03,4.83,4.97,5222500.0,4.913333333333333,4.93189661450684,0.008113590263691739,0.06658328118479173
2023-02-13,4.99,5.16,4.99,5.1,4721500.0,5.0,5.01594830725342,0.026156941649899457,0.08888194417315283
2023-02-14,5.13,5.16,5.04,5.06,2112000.0,5.043333333333333,5.03797415362671,-0.007843137254901933,0.0665832811847885
2023-02-15,5.11,5.11,4.87,4.91,2713500.0,5.023333333333333,4.973987076813355,-0.029644268774703497,0.10016652800877451
2023-02-16,4.89,5.0,4.81,4.9,1832000.0,4.956666666666666,4.936993538406678,-0.0020366598778003286,0.08962886439832207
2023-02-17,5.02,5.18,4.71,4.76,12157000.0,4.8566666666666665,4.848496769203338,-0.028571428571428692,0.08386497083606058
2023-02-20,4.79,4.79,4.56,4.66,3994000.0,4.773333333333333,4.754248384601669,-0.021008403361344463,0.12055427546683513
2023-02-21,4.65,4.7,4.52,4.56,2795500.0,4.66,4.657124192300834,-0.02145922746781126,0.10000000000000213
2023-02-22,4.65,4.65,4.45,4.5,6636000.0,4.573333333333333,4.578562096150417,-0.013157894736842035,0.08082903768655061
2023-02-23,4.51,4.65,4.51,4.57,2986000.0,4.543333333333333,4.574281048075209,0.015555555555555545,0.03785938897200792
2023-02-24,4.6,4.63,4.49,4.51,1619500.0,4.526666666666667,4.542140524037604,-0.013129102844639085,0.037859388972008017
2023-02-27,4.51,4.63,4.45,4.52,3307500.0,4.533333333333334,4.531070262018802,0.0022172949002217113,0.0321455025366506
2023-02-28,4.54,4.54,4.4,4.43,2072500.0,4.486666666666667,4.4805351310094,-0.019911504424778736,0.04932882862316601
2023-03-01,4.42,4.48,4.39,4.4,1541500.0,4.449999999999999,4.4402675655047,-0.006772009029345272,0.062449979983985375
2023-03-02,4.47,4.47,4.35,4.36,2547500.0,4.3966666666666665,4.40013378275235,-0.00909090909090915,0.03511884584284131
2023-03-03,4.39,4.56,4.2,4.38,10476000.0,4.38,4.390066891376176,0.004587155963302614,0.01999999999999591
2023-03-06,4.4,4.44,4.38,4.4,3457000.0,4.38,4.395033445688088,0.004566210045662267,0.01999999999999591
2023-03-07,4.48,4.48,4.31,4.35,2445000.0,4.376666666666666,4.372516722844043,-0.011363636363636576,0.025166114784232384
2023-03-08,4.43,4.43,4.3,4.31,5169500.0,4.3533333333333335,4.341258361422021,-0.00919540229885063,0.045092497528225375
2023-03-09,4.4,4.42,4.29,4.38,1433500.0,4.346666666666667,4.36062918071101,0.016241299303944468,0.035118845842836886
2023-03-10,4.36,4.48,4.36,4.45,1214500.0,4.38,4.4053145903555055,0.01598173515981749,0.06999999999999922
2023-03-13,4.47,4.48,4.4,4.43,1383000.0,4.42,4.417657295177753,-0.004494382022471988,0.036055512754642596
2023-03-14,4.39,4.45,4.38,4.41,2074500.0,4.43,4.413828647588876,-0.004514672686230181,0.020000000000006613
2023-03-15,4.42,4.42,4.35,4.39,1922500.0,4.41,4.401914323794438,-0.0045351473922903285,0.02000000000000206
2023-03-16,4.39,4.43,4.38,4.39,2655000.0,4.3966666666666665,4.395957161897218,0.0,0.011547005383790616
2023-03-17,4.44,4.44,4.36,4.39,1938500.0,4.39,4.3929785809486095,0.0,0.0
2023-03-20,4.43,4.46,4.38,4.43,2463000.0,4.403333333333332,4.411489290474305,0.009111617312072884,0.02309401076758538
2023-03-21,4.15,4.16,4.03,4.07,1909000.0,4.296666666666667,4.240744645237152,-0.08126410835214437,0.19731531449264697
2023-03-22,4.15,4.15,4.05,4.06,1299500.0,4.1866666666666665,4.150372322618576,-0.002457002457002644,0.2107921567168264
2023-03-24,4.05,4.09,4.01,4.05,584000.0,4.06,4.1001861613092885,-0.0024630541871920597,0.009999999999821136
2023-03-27,4.0,4.12,4.0,4.05,666000.0,4.053333333333333,4.075093080654645,0.0,0.005773502691579524
2023-03-28,4.05,4.08,4.02,4.04,247500.0,4.046666666666667,4.057546540327323,-0.0024691358024691024,0.005773502691572474
2023-03-29,4.01,4.08,4.0,4.05,1710000.0,4.046666666666666,4.053773270163662,0.0024752475247524774,0.005773502691572474
2023-03-30,4.05,4.14,4.0,4.02,1490500.0,4.036666666666666,4.036886635081831,-0.007407407407407418,0.015275252316393345
2023-03-31,4.06,4.06,4.0,4.03,403000.0,4.033333333333334,4.0334433175409155,0.0024875621890549926,0.015275252316392011
2023-04-03,4.09,4.19,3.93,3.97,3492500.0,4.006666666666667,4.001721658770458,-0.01488833746898266,0.0321455025365783
2023-04-04,4.04,4.05,3.85,3.88,3588500.0,3.9600000000000004,3.9408608293852287,-0.02267002518891692,0.07549834435267701
2023-04-05,3.95,3.97,3.85,3.88,1047000.0,3.91,3.9104304146926143,0.0,0.05196152422701739
2023-04-06,3.95,3.96,3.88,3.93,1641500.0,3.8966666666666665,3.920215207346307,0.012886597938144506,0.02886751345939095
2023-04-07,3.97,3.99,3.84,3.85,1571000.0,3.8866666666666667,3.8851076036731538,-0.020356234096692183,0.04041451884320823
2023-04-10,3.84,3.9,3.81,3.84,556000.0,3.873333333333333,3.862553801836577,-0.0025974025974027093,0.04932882862310778
2023-04-11,3.82,3.88,3.81,3.85,481000.0,3.8466666666666662,3.8562769009182887,0.0026041666666667407,0.005773502691410687
2023-04-12,3.85,3.95,3.83,3.91,990500.0,3.866666666666667,3.8831384504591444,0.01558441558441559,0.03785938897192992
2023-04-13,3.9,3.97,3.56,3.95,1965500.0,3.9033333333333338,3.9165692252295723,0.010230179028132946,0.05033222956842027
2023-04-17,3.99,4.04,3.95,3.96,1347000.0,3.94,3.938284612614786,0.0025316455696202667,0.026457513110552902
2023-04-18,3.96,4.0,3.7,3.95,1498000.0,3.953333333333333,3.944142306307393,-0.002525252525252486,0.005773502691478386
2023-04-19,3.81,4.04,3.81,4.01,1539500.0,3.973333333333333,3.9770711531536964,0.015189873417721378,0.03214550253657019
2023-04-20,4.03,4.07,3.98,4.05,1200000.0,4.003333333333333,4.013535576576848,0.009975062344139696,0.050332229568426985
2023-04-26,3.99,4.08,3.99,4.02,1332000.0,4.026666666666666,4.016767788288424,-0.007407407407407418,0.020816659994557334
2023-04-27,4.02,4.07,3.97,4.06,1812500.0,4.043333333333333,4.038383894144212,0.00995024875621886,0.020816659994559644
2023-04-28,4.08,4.09,3.82,3.87,6120500.0,3.983333333333333,3.954191947072106,-0.046798029556650134,0.10016652800875536
2023-05-02,3.9,3.96,3.87,3.9,1423000.0,3.9433333333333334,3.927095973536053,0.007751937984496138,0.1021436896402739
2023-05-03,3.95,3.95,3.85,3.89,1114500.0,3.8866666666666667,3.908547986768027,-0.002564102564102555,0.015275252316357004
2023-05-04,3.94,3.94,3.8,3.82,1416500.0,3.8699999999999997,3.864273993384013,-0.01799485861182526,0.04358898943534897
2023-05-05,3.85,3.95,3.8,3.92,1577500.0,3.8766666666666665,3.8921369966920065,0.02617801047120416,0.051316014394420024
2023-05-08,3.85,3.92,3.84,3.84,888000.0,3.86,3.866068498346003,-0.020408163265306145,0.052915026221243666
2023-05-09,3.91,3.91,3.75,3.77,2333500.0,3.8433333333333333,3.8180342491730013,-0.01822916666666663,0.07505553499461674
2023-05-10,3.77,3.85,3.7,3.71,1615000.0,3.7733333333333334,3.7640171245865006,-0.01591511936339529,0.06506407098643409
2023-05-11,3.8,3.8,3.7,3.72,929500.0,3.733333333333333,3.7420085622932504,0.0026954177897575704,0.03214550253655217
2023-05-12,3.77,3.83,3.7,3.72,1124500.0,3.716666666666667,3.7310042811466255,0.0,0.005773502691380124
2023-05-15,3.79,3.79,3.69,3.76,541000.0,3.733333333333333,3.7455021405733127,0.010752688172043001,0.02309401076745805
2023-05-16,3.75,3.88,3.75,3.81,1582500.0,3.763333333333333,3.7777510702866564,0.013297872340425565,0.04509249752816624
2023-05-17,3.85,3.85,3.75,3.77,356000.0,3.78,3.773875535143328,-0.01049868766404205,0.026457513110541425
2023-05-18,3.8,3.85,3.72,3.73,393000.0,3.77,3.751937767571664,-0.010610079575596787,0.03999999999993002
2023-05-19,3.84,3.86,3.69,3.78,1430000.0,3.76,3.765968883785832,0.013404825737265424,0.026457513110538736
2023-05-22,3.73,3.77,3.7,3.71,421500.0,3.7399999999999998,3.737984441892916,-0.01851851851851849,0.03605551275455923
2023-05-23,3.71,3.77,3.7,3.73,996000.0,3.7399999999999998,3.733992220946458,0.005390835579514919,0.03605551275455923
2023-05-24,3.75,3.77,3.7,3.75,1092000.0,3.73,3.741996110473229,0.00536193029490617,0.019999999999853052
2023-05-25,3.75,3.82,3.71,3.73,959000.0,3.736666666666667,3.7359980552366148,-0.005333333333333301,0.011547005383540284
2023-05-26,3.73,3.75,3.65,3.68,426000.0,3.72,3.7079990276183077,-0.013404825737265313,0.03605551275455702
2023-05-29,3.72,3.75,3.66,3.67,407000.0,3.6933333333333334,3.688999513809154,-0.0027173913043478937,0.032145502536546584
2023-05-30,3.66,3.7,3.65,3.69,870500.0,3.6799999999999997,3.689499756904577,0.005449591280654031,0.00999999999968328
2023-05-31,3.74,3.74,3.61,3.62,830000.0,3.66,3.6547498784522885,-0.01897018970189701,0.036055512754549435
2023-06-01,3.7,3.71,3.59,3.65,329000.0,3.6533333333333338,3.652374939226144,0.008287292817679592,0.035118845842748804
2023-06-02,3.65,3.8,3.64,3.7,1840500.0,3.6566666666666667,3.676187469613072,0.013698630136986356,0.04041451884319285
2023-06-05,3.66,3.78,3.66,3.76,685000.0,3.703333333333333,3.718093734806536,0.01621621621621605,0.05507570547280469
2023-06-06,3.79,3.8,3.7,3.76,701500.0,3.7399999999999998,3.739046867403268,0.0,0.03464101615129163
2023-06-07,3.79,3.79,3.69,3.71,2256000.0,3.7433333333333336,3.724523433701634,-0.013297872340425454,0.02886751345937883
2023-06-08,3.73,3.73,3.6,3.64,1517500.0,3.703333333333333,3.6822617168508174,-0.018867924528301883,0.060277137733365876
2023-06-09,3.73,3.73,3.57,3.6,1224000.0,3.6500000000000004,3.6411308584254085,-0.01098901098901095,0.055677643628242124
2023-06-12,3.56,3.73,3.55,3.6,8519000.0,3.6133333333333333,3.6205654292127045,0.0,0.02309401076744076
2023-06-13,3.55,3.67,3.55,3.65,8166500.0,3.6166666666666667,3.635282714606352,0.01388888888888884,0.028867513459366227
2023-06-14,3.58,3.68,3.58,3.6,795000.0,3.616666666666667,3.6176413573031763,-0.013698630136986245,0.028867513459366227
2023-06-15,3.54,3.64,3.54,3.58,281000.0,3.61,3.598820678651588,-0.005555555555555536,0.036055512754547075
2023-06-16,3.6,3.6,3.51,3.57,564000.0,3.5833333333333335,3.5844103393257942,-0.0027932960893854997,0.015275252316294268
2023-06-19,3.64,3.64,3.42,3.45,977000.0,3.533333333333333,3.517205169662897,-0.03361344537815114,0.07234178138065211
2023-06-20,3.35,3.45,3.35,3.38,1212500.0,3.466666666666667,3.4486025848314483,-0.020289855072463836,0.09609023536929012
2023-06-21,3.45,3.45,3.28,3.3,4434500.0,3.3766666666666665,3.374301292415724,-0.023668639053254448,0.07505553499459557
2023-06-22,3.39,3.39,3.22,3.3,3297500.0,3.3266666666666667,3.3371506462078617,0.0,0.046188021535075285
2023-06-23,3.3,3.37,3.17,3.19,2647000.0,3.263333333333333,3.2635753231039306,-0.033333333333333326,0.06350852961078629
2023-06-26,3.29,3.45,3.26,3.43,940500.0,3.3066666666666666,3.346787661551965,0.07523510971786851,0.12013880860623033
2023-06-27,3.43,3.61,3.32,3.47,2191500.0,3.3633333333333333,3.4083938307759825,0.011661807580174877,0.1514375558879791
2023-07-03,3.72,3.79,3.6,3.75,8151500.0,3.5500000000000003,3.5791969153879912,0.08069164265129669,0.1743559577416051
2023-07-04,3.75,3.77,3.62,3.65,2466000.0,3.6233333333333335,3.6145984576939956,-0.026666666666666727,0.14189197769192619
2023-07-05,3.62,3.69,3.62,3.64,900000.0,3.6799999999999997,3.627299228846998,-0.002739726027397249,0.06082762530292506
2023-07-06,3.65,3.67,3.6,3.61,420000.0,3.6333333333333333,3.618649614423499,-0.008241758241758323,0.020816659994489378
2023-07-07,3.74,3.74,3.6,3.63,573000.0,3.6266666666666665,3.6243248072117495,0.005540166204986097,0.015275252316284328
2023-07-10,3.6,3.69,3.55,3.58,3670500.0,3.606666666666667,3.602162403605875,-0.01377410468319551,0.02516611478409171
2023-07-11,3.6,3.65,3.56,3.6,3730000.0,3.6033333333333335,3.6010812018029377,0.005586592178770999,0.025166114784091535
2023-07-12,3.6,3.8,3.6,3.74,16254500.0,3.64,3.670540600901469,0.03888888888888897,0.08717797887077244
2023-07-13,3.75,3.86,3.74,3.79,11694500.0,3.7099999999999995,3.7302703004507345,0.013368983957219305,0.09848857801792545
2023-07-14,3.8,3.85,3.58,3.62,3441000.0,3.716666666666667,3.6751351502253673,-0.04485488126649073,0.08736894948050103
2023-07-17,3.63,4.35,3.57,4.27,49139000.0,3.893333333333333,3.9725675751126834,0.1795580110497237,0.33709543653589624
2023-07-18,4.25,4.34,3.9,4.05,29935500.0,3.98,4.011283787556342,-0.051522248243559665,0.3306055050963207
2023-07-19,4.07,4.18,3.93,3.97,5859000.0,4.096666666666667,3.9906418937781707,-0.01975308641975304,0.15534906930306028
2023-07-20,3.94,4.23,3.94,4.2,19500000.0,4.073333333333333,4.095320946889085,0.057934508816120944,0.11676186592088658
2023-07-21,4.28,4.41,4.15,4.26,17057500.0,4.1433333333333335,4.177660473444543,0.014285714285714235,0.15307950004271376
2023-07-24,4.3,4.31,4.15,4.17,2733000.0,4.21,4.173830236722271,-0.021126760563380254,0.04582575694949362
2023-07-25,4.1,4.21,4.1,4.13,3565500.0,4.1866666666666665,4.151915118361135,-0.00959232613908878,0.06658328118474881
2023-07-26,4.2,4.2,4.1,4.15,2894500.0,4.1499999999999995,4.150957559180568,0.004842615012106588,0.019999999999847588
2023-07-27,4.19,4.32,4.15,4.19,7508000.0,4.156666666666667,4.170478779590284,0.009638554216867545,0.030550504632939606
2023-07-31,4.22,4.49,4.22,4.33,18254500.0,4.223333333333334,4.2502393897951425,0.03341288782816232,0.09451631252502005
2023-08-01,4.35,4.61,4.29,4.56,22545000.0,4.359999999999999,4.4051196948975715,0.05311778290993052,0.1868154169226779
2023-08-02,4.61,4.9,4.61,4.82,46991000.0,4.57,4.612559847448786,0.05701754385964919,0.2451530134426143
2023-08-03,4.85,4.9,4.52,4.56,11135500.0,4.6466666666666665,4.586279923724392,-0.05394190871369309,0.1501110699892855
2023-08-04,4.58,4.61,4.45,4.54,5100000.0,4.64,4.563139961862197,-0.004385964912280604,0.15620499351811634
2023-08-07,4.46,4.73,4.36,4.4,3942500.0,4.5,4.4815699809310985,-0.03083700440528625,0.08717797887078137
2023-08-08,4.4,4.45,4.19,4.21,5495000.0,4.383333333333334,4.34578499046555,-0.04318181818181832,0.1656301099840471
2023-08-09,4.21,4.31,4.18,4.21,2347000.0,4.273333333333333,4.277892495232775,0.0,0.10969655114600207
2023-08-10,4.24,4.35,4.05,4.08,3632000.0,4.166666666666667,4.178946247616388,-0.030878859857482177,0.07505553499461189
2023-08-11,4.18,4.3,4.07,4.27,10250500.0,4.1866666666666665,4.224473123808194,0.04656862745098023,0.09712534856219243
2023-08-15,4.3,4.34,4.22,4.24,1369500.0,4.196666666666666,4.232236561904097,-0.007025761124121677,0.10214368964026803
2023-08-16,4.25,4.3,4.07,4.15,2598000.0,4.22,4.191118280952049,-0.021226415094339535,0.06244997998393662
2023-08-17,4.1,4.17,4.04,4.12,2311500.0,4.170000000000001,4.155559140476024,-0.0072289156626507145,0.0624499799839368
2023-08-18,4.16,4.19,4.04,4.06,1163000.0,4.109999999999999,4.107779570238012,-0.01456310679611661,0.04582575694949375
2023-08-21,4.07,4.14,3.89,3.91,3208000.0,4.03,4.008889785119006,-0.03694581280788167,0.10816653826389139
2023-08-22,4.0,4.0,3.8,3.92,2669000.0,3.9633333333333334,3.964444892559503,0.002557544757033181,0.08386497083602347
2023-08-23,3.99,3.99,3.83,3.86,1651500.0,3.8966666666666665,3.9122224462797517,-0.015306122448979553,0.032145502536544426
2023-08-24,3.83,4.05,3.83,3.97,1807000.0,3.9166666666666665,3.9411112231398757,0.02849740932642497,0.05507570547280386
2023-08-25,3.87,3.88,3.7,3.76,9941500.0,3.8633333333333333,3.8505556115699378,-0.05289672544080615,0.10503967504389462
2023-08-28,3.75,3.83,3.7,3.72,3737000.0,3.816666666666667,3.785277805784969,-0.010638297872340274,0.13428824718986732
2023-08-29,3.75,3.75,3.65,3.66,3769000.0,3.7133333333333334,3.7226389028924847,-0.016129032258064502,0.05033222956840627
2023-08-30,3.66,3.77,3.55,3.57,2820000.0,3.65,3.6463194514462423,-0.024590163934426257,0.07549834435266357
2023-08-31,3.56,3.59,3.39,3.42,4880000.0,3.5499999999999994,3.533159725723121,-0.04201680672268904,0.12124355652979339
2023-09-01,3.49,3.57,3.39,3.45,2845500.0,3.48,3.4915798628615606,0.00877192982456143,0.07937253933189402
2023-09-04,3.46,3.53,3.45,3.48,911500.0,3.4499999999999997,3.48578993143078,0.008695652173912993,0.029999999999884053
2023-09-05,3.5,3.55,3.45,3.53,1133000.0,3.486666666666667,3.5078949657153897,0.014367816091954033,0.040414518843187835
2023-09-06,3.53,3.74,3.49,3.64,2744500.0,3.5500000000000003,3.5739474828576947,0.031161473087818692,0.08185352771868253
2023-09-07,3.62,3.67,3.54,3.55,755000.0,3.573333333333333,3.5619737414288473,-0.02472527472527486,0.05859465277076463
2023-09-08,3.62,3.66,3.54,3.61,599000.0,3.6,3.5859868707144233,0.016901408450704203,0.04582575694948356
2023-09-11,3.7,3.73,3.6,3.62,743105.0,3.5933333333333333,3.6029934353572117,0.0027700831024930483,0.03785938897191113
2023-09-12,3.65,3.7,3.54,3.55,1017250.0,3.5933333333333337,3.576496717678606,-0.019337016574585753,0.03785938897191113
2023-09-13,3.6,3.62,3.53,3.55,566085.0,3.573333333333333,3.563248358839303,0.0,0.040414518843188516
2023-09-14,3.69,3.69,3.57,3.61,1159529.0,3.57,3.586624179419651,0.016901408450704203,0.034641016151277806
2023-09-15,3.55,3.68,3.55,3.57,1002487.0,3.5766666666666667,3.5783120897098257,-0.011080332409972304,0.030550504632925992
2023-09-18,3.56,3.66,3.51,3.64,991268.0,3.606666666666667,3.609156044854913,0.019607843137255054,0.035118845842744655
2023-09-19,3.65,3.69,3.6,3.62,845669.0,3.61,3.6145780224274566,-0.005494505494505475,0.036055512754544675
2023-09-20,3.68,3.69,3.6,3.63,819284.0,3.6300000000000003,3.622289011213728,0.0027624309392264568,0.00999999999965658
2023-09-21,3.64,3.76,3.63,3.71,2054886.0,3.653333333333333,3.666144505606864,0.02203856749311295,0.04932882862309281
2023-09-22,3.78,3.85,3.66,3.8,2032297.0,3.7133333333333334,3.733072252803432,0.02425876010781658,0.08504900548111334
2023-09-25,3.8,3.99,3.78,3.94,3404560.0,3.8166666666666664,3.836536126401716,0.03684210526315801,0.11590225767139507
2023-09-26,3.91,3.97,3.9,3.94,1806109.0,3.893333333333333,3.888268063200858,0.0,0.08082903768650537
2023-09-27,3.93,4.09,3.93,4.06,6308530.0,3.98,3.9741340316004288,0.030456852791878042,0.069282032302706
2023-09-28,4.02,4.05,3.95,3.97,2163213.0,3.99,3.9720670158002145,-0.02216748768472887,0.06244997998392957
2023-10-02,4.02,4.02,3.9,3.95,1241812.0,3.9933333333333336,3.9610335079001073,-0.005037783375314908,0.05859465277076514
2023-10-03,3.99,3.99,3.9,3.95,620434.0,3.956666666666667,3.9555167539500538,0.0,0.011547005383496609
2023-10-04,3.92,4.01,3.92,4.0,1976659.0,3.966666666666667,3.977758376975027,0.012658227848101111,0.028867513459363035
2023-10-05,4.0,4.04,3.96,4.0,2136592.0,3.983333333333334,3.9888791884875134,0.0,0.028867513459363357
2023-10-06,4.0,4.0,3.93,3.95,938850.0,3.983333333333333,3.969439594243757,-0.012499999999999956,0.028867513459363357
2023-10-09,3.93,3.96,3.9,3.92,1793766.0,3.9566666666666666,3.9447197971218784,-0.0075949367088608,0.04041451884318939
2023-10-10,3.96,4.0,3.92,3.95,1865544.0,3.94,3.947359898560939,0.007653061224489832,0.017320508075491594
2023-10-11,3.99,4.0,3.91,3.99,3039713.0,3.9533333333333336,3.9686799492804696,0.010126582278481067,0.035118845842745466
2023-10-12,3.99,4.02,3.92,3.94,1368047.0,3.9600000000000004,3.954339974640235,-0.01253132832080206,0.026457513110517233
2023-10-13,3.99,4.07,3.94,4.01,4394176.0,3.98,3.982169987320117,0.017766497461928932,0.03605551275454544
2023-10-16,4.01,4.12,3.98,4.09,4515568.0,4.013333333333333,4.036084993660058,0.01995012468827939,0.07505553499460617
2023-10-17,4.15,4.15,4.02,4.03,2761677.0,4.043333333333333,4.03304249683003,-0.014669926650366705,0.04163331998924182
2023-10-18,4.05,4.09,4.0,4.01,902245.0,4.043333333333333,4.021521248415015,-0.004962779156327701,0.04163331998924182
2023-10-19,4.0,4.05,3.98,4.03,2749007.0,4.023333333333333,4.025760624207507,0.004987531172069959,0.011547005383500617
2023-10-20,4.01,4.35,4.01,4.26,12806109.0,4.1,4.142880312103753,0.05707196029776673,0.1389244398944739
2023-10-23,4.27,4.35,4.15,4.17,3623240.0,4.153333333333333,4.156440156051877,-0.021126760563380254,0.11590225767139586
2023-10-24,4.27,4.27,4.1,4.15,2051964.0,4.193333333333333,4.153220078025939,-0.004796163069544224,0.05859465277076628
2023-10-25,4.19,4.55,4.12,4.36,22478548.0,4.226666666666667,4.256610039012969,0.050602409638554224,0.11590225767139631
2023-10-26,4.36,4.95,4.36,4.83,46166578.0,4.446666666666666,4.543305019506485,0.10779816513761453,0.34818577416851326
2023-10-27,4.85,4.9,4.55,4.62,17040457.0,4.6033333333333335,4.581652509753242,-0.04347826086956519,0.23544284515212455
2023-10-30,4.3,4.3,4.05,4.14,20348145.0,4.53,4.360826254876621,-0.10389610389610393,0.3536947836765395
2023-10-31,4.22,4.27,4.18,4.21,7024622.0,4.323333333333333,4.285413127438311,0.01690821256038655,0.2592939130279131
2023-11-01,4.24,4.35,4.2,4.32,8710346.0,4.223333333333334,4.3027065637191555,0.026128266033254244,0.09073771725873793
2023-11-02,4.32,4.37,4.24,4.25,3145740.0,4.260000000000001,4.276353281859578,-0.01620370370370372,0.05567764362824073
2023-11-03,4.26,4.45,4.25,4.32,4603989.0,4.296666666666667,4.298176640929789,0.016470588235294237,0.040414518843193324
2023-11-06,4.37,4.44,4.33,4.41,2720562.0,4.326666666666667,4.354088320464895,0.02083333333333326,0.08020806277006667
2023-11-07,4.46,4.54,4.35,4.37,4587937.0,4.366666666666667,4.362044160232447,-0.009070294784580546,0.0450924975281598
2023-11-08,4.37,4.4,4.27,4.37,4032355.0,4.383333333333334,4.366022080116224,0.0,0.023094010767451805
2023-11-10,4.38,4.53,4.3,4.45,5549163.0,4.396666666666667,4.408011040058112,0.01830663615560635,0.04618802153510444
2023-11-13,4.45,4.55,4.44,4.46,3820262.0,4.426666666666667,4.434005520029055,0.0022471910112358273,0.04932882862310314
2023-11-14,4.5,4.5,4.3,4.44,2789812.0,4.45,4.437002760014527,-0.004484304932735328,0.009999999999716031
2023-11-15,4.45,4.45,4.32,4.36,5798539.0,4.420000000000001,4.398501380007264,-0.018018018018018056,0.052915026221235555
2023-11-16,4.4,4.44,4.28,4.37,13726785.0,4.390000000000001,4.384250690003633,0.002293577981651307,0.04358898943533557
2023-11-17,4.43,4.45,4.31,4.34,6190549.0,4.3566666666666665,4.362125345001816,-0.006864988558352492,0.015275252316304893
2023-11-20,4.4,4.56,4.32,4.49,12369382.0,4.3999999999999995,4.426062672500908,0.03456221198156695,0.07937253933189982
2023-11-21,4.51,4.84,4.48,4.69,30505048.0,4.506666666666667,4.558031336250455,0.04454342984409809,0.17559422921419926
2023-11-22,4.79,4.8,4.7,4.73,8665984.0,4.636666666666667,4.644015668125228,0.008528784648187626,0.12858201014656148
2023-11-23,4.71,4.9,4.69,4.85,11726042.0,4.756666666666667,4.747007834062614,0.025369978858350795,0.08326663997863715
2023-11-24,4.8,5.05,4.8,4.92,13552909.0,4.833333333333333,4.833503917031306,0.014432989690721598,0.09609023536932844
2023-11-27,5.0,5.12,4.92,5.04,13103901.0,4.9366666666666665,4.936751958515654,0.024390243902439046,0.09609023536933477
2023-11-28,5.04,5.49,4.98,5.45,44327667.0,5.136666666666667,5.1933759792578265,0.08134920634920628,0.27790885796126796
2023-11-29,5.61,5.97,5.56,5.61,50052966.0,5.366666666666667,5.401687989628913,0.029357798165137616,0.29399546481763733
2023-11-30,5.69,5.75,5.39,5.42,16209942.0,5.493333333333333,5.410843994814456,-0.033868092691622165,0.1021436896403287
2023-12-01,5.21,5.41,5.21,5.34,9549412.0,5.456666666666667,5.375421997407228,-0.014760147601476037,0.13868429375145355
2023-12-04,5.42,5.46,5.28,5.3,10402614.0,5.353333333333334,5.3377109987036135,-0.0074906367041198685,0.06110100926611959
2023-12-05,5.31,5.4,5.28,5.36,8451891.0,5.333333333333333,5.3488554993518065,0.01132075471698113,0.0305505046331192
2023-12-06,5.4,5.63,5.3,5.54,14036658.0,5.3999999999999995,5.444427749675903,0.033582089552238736,0.12489995996799008
2023-12-07,5.6,5.68,5.4,5.43,28099179.0,5.4433333333333325,5.437213874837951,-0.019855595667870096,0.09073771725880721
2023-12-08,5.49,5.78,5.46,5.67,32876325.0,5.546666666666667,5.553606937418976,0.04419889502762442,0.12013880860629542
2023-12-11,5.7,5.8,5.6,5.63,16095264.0,5.576666666666667,5.591803468709488,-0.007054673721340388,0.12858201014659978
2023-12-12,5.73,6.2,5.65,6.05,55376434.0,5.783333333333334,5.820901734354743,0.07460035523978692,0.231804515342867
2023-12-13,6.18,6.7,6.02,6.29,106283289.0,5.989999999999999,6.055450867177372,0.03966942148760344,0.3340658617698151
2023-12-14,6.23,7.08,6.23,6.97,89773616.0,6.436666666666667,6.512725433588686,0.10810810810810811,0.47721413781796534
2023-12-15,7.19,7.65,7.04,7.52,112610953.0,6.926666666666667,7.016362716794343,0.07890961262553797,0.6161439225808729
2023-12-18,7.99,8.2,7.36,7.57,91711580.0,7.353333333333334,7.293181358397172,0.0066489361702128935,0.33291640592398825
2023-12-19,7.55,7.55,6.57,6.72,118013188.0,7.27,7.006590679198586,-0.11228533685601061,0.4769696007084858
2023-12-20,6.55,6.9,5.81,6.54,53704668.0,6.9433333333333325,6.773295339599294,-0.02678571428571419,0.5501211987674586
2023-12-21,6.6,7.0,6.51,6.95,32840152.0,6.736666666666667,6.8616476697996465,0.06269113149847105,0.20550750189067424
2023-12-22,7.09,7.16,6.57,6.63,18932017.0,6.706666666666667,6.745823834899824,-0.04604316546762599,0.21548395145194787
2023-12-26,6.59,6.6,5.63,5.72,41014387.0,6.433333333333334,6.232911917449911,-0.13725490196078438,0.6381483631048074
2023-12-27,5.54,6.37,5.54,6.31,36146700.0,6.22,6.271455958724955,0.10314685314685312,0.46162755550336376
2023-12-28,6.39,6.64,6.32,6.39,22478844.0,6.14,6.330727979362477,0.01267828843106189,0.36592348927065466
2023-12-29,6.4,6.53,6.25,6.48,13593767.0,6.3933333333333335,6.405363989681239,0.014084507042253724,0.08504900548122356
2024-01-01,6.48,6.99,6.48,6.94,32263113.0,6.603333333333334,6.6726819948406195,0.07098765432098775,0.29501412395569515
2024-01-02,6.95,7.31,6.66,6.88,34951735.0,6.766666666666667,6.776340997420309,-0.008645533141210415,0.25006665778017473
2024-01-03,6.89,7.18,6.81,6.97,29654166.0,6.93,6.873170498710154,0.013081395348837122,0.045825756949720395
2024-01-04,6.93,7.08,6.85,6.99,19261224.0,6.946666666666666,6.931585249355077,0.0028694404591105283,0.05859465277095076
2024-01-05,7.01,7.19,6.6,6.92,28423802.0,6.960000000000001,6.9257926246775385,-0.010014306151645225,0.036055512754848494
2024-01-08,6.95,7.03,6.7,6.75,10728003.0,6.886666666666667,6.837896312338769,-0.024566473988439252,0.12342339054388353
2024-01-09,6.99,6.99,6.4,6.53,16830685.0,6.733333333333333,6.683948156169384,-0.032592592592592506,0.19553345834753474
2024-01-10,6.58,6.65,6.4,6.51,10299362.0,6.596666666666667,6.596974078084692,-0.003062787136294043,0.13316656236963684
2024-01-11,6.48,6.69,6.48,6.62,6248487.0,6.553333333333334,6.6084870390423465,0.016897081413210557,0.058594652770932606
2024-01-12,6.65,6.79,6.46,6.54,11128476.0,6.556666666666666,6.574243519521174,-0.012084592145015116,0.05686240703088621
2024-01-15,6.58,6.68,6.46,6.48,10068627.0,6.546666666666667,6.527121759760587,-0.00917431192660545,0.07023769168577572
2024-01-16,6.42,6.55,6.22,6.45,8838046.0,6.489999999999999,6.488560879880294,-0.00462962962962965,0.04582575694969465
2024-01-17,6.36,6.5,6.32,6.4,6534948.0,6.443333333333334,6.444280439940147,-0.007751937984496138,0.04041451884342585
2024-01-18,6.3,6.43,5.95,6.22,18468448.0,6.3566666666666665,6.332140219970073,-0.028125000000000067,0.12096831541087698
2024-01-19,6.22,6.39,6.2,6.27,3123509.0,6.296666666666667,6.301070109985036,0.008038585209003246,0.09291573243183979
2024-01-22,6.27,6.33,6.2,6.26,3684324.0,6.25,6.280535054992518,-0.0015948963317383713,0.0264575131108685
2024-01-23,6.27,6.46,6.22,6.44,3261417.0,6.323333333333333,6.360267527496259,0.028753993610223683,0.1011599393700162
2024-01-24,6.5,6.57,6.36,6.41,10471711.0,6.37,6.385133763748129,-0.004658385093167738,0.0964365076099924
2024-01-25,6.42,6.5,6.27,6.3,7930191.0,6.383333333333333,6.342566881874065,-0.01716068642745716,0.0737111479584024
2024-01-26,6.3,6.35,6.12,6.17,6924189.0,6.293333333333333,6.2562834409370325,-0.020634920634920673,0.1201388086063168
2024-01-29,6.2,6.25,6.01,6.03,5029530.0,6.166666666666667,6.143141720468517,-0.02269043760129652,0.13503086067023568
2024-01-30,6.09,6.1,5.7,5.8,15921977.0,6.0,5.971570860234259,-0.03814262023217252,0.18681541692272235
2024-01-31,5.8,6.26,5.72,6.2,20853316.0,6.010000000000001,6.085785430117129,0.06896551724137945,0.200748598998874
2024-02-01,6.23,6.39,6.07,6.23,11856210.0,6.076666666666667,6.157892715058565,0.004838709677419395,0.24006943440043463
2024-02-02,6.2,6.39,6.19,6.22,4203295.0,6.216666666666666,6.188946357529282,-0.0016051364365972098,0.015275252316918097
2024-02-06,6.27,6.37,6.27,6.35,5861770.0,6.266666666666667,6.269473178764641,0.020900321543408262,0.07234178138078903
2024-02-07,6.41,6.48,6.29,6.41,5658230.0,6.326666666666667,6.339736589382321,0.009448818897637823,0.09712534856229056
2024-02-09,6.25,6.25,5.8,6.04,5904364.0,6.266666666666667,6.189868294691161,-0.057722308892355745,0.19857828011478473
2024-02-12,6.0,6.17,5.8,6.08,11127312.0,6.176666666666667,6.1349341473455805,0.0066225165562914245,0.20305992547360308
2024-02-13,6.0,6.43,5.92,6.18,12529415.0,6.099999999999999,6.15746707367279,0.016447368421052655,0.07211102550935784
2024-02-14,6.34,6.42,6.26,6.37,8564843.0,6.21,6.263733536836395,0.030744336569579422,0.1473091986266039
2024-02-15,6.39,6.45,5.99,6.03,14408647.0,6.1933333333333325,6.146866768418198,-0.053375196232339106,0.17039170558846287
2024-02-16,6.01,6.06,5.84,5.88,11684920.0,6.093333333333334,6.013433384209099,-0.024875621890547372,0.25106440076869624
2024-02-19,5.99,6.06,5.82,6.02,7445620.0,5.976666666666667,6.016716692104549,0.023809523809523725,0.08386497083612027
2024-02-20,6.1,6.75,5.86,6.27,117022297.0,6.056666666666666,6.143358346052274,0.04152823920265791,0.19756855350319347
2024-02-21,6.44,6.5,6.09,6.24,35437903.0,6.176666666666667,6.191679173026137,-0.004784688995215225,0.13650396819633417
2024-02-22,6.29,6.29,6.16,6.2,7235137.0,6.236666666666667,6.195839586513069,-0.0064102564102563875,0.035118845843030044
2024-02-23,6.18,6.32,6.12,6.24,12235161.0,6.226666666666667,6.217919793256534,0.006451612903225712,0.023094010767868236
2024-02-26,6.24,6.33,6.22,6.25,5948354.0,6.2299999999999995,6.233959896628267,0.0016025641025640969,0.02645751311089384
2024-02-27,6.25,6.47,6.19,6.27,47571335.0,6.253333333333333,6.251979948314133,0.0031999999999998696,0.015275252316958057
2024-02-28,6.28,6.38,6.24,6.27,8362283.0,6.263333333333333,6.2609899741570665,0.0,0.011547005384377708
2024-02-29,6.28,6.35,6.25,6.27,6121004.0,6.27,6.265494987078533,0.0,0.0
2024-03-01,6.31,6.36,6.23,6.32,8336479.0,6.286666666666666,6.292747493539267,0.00797448165869219,0.028867513459720363
2024-03-04,6.36,6.45,6.26,6.32,12040373.0,6.303333333333334,6.3063737467696335,0.0,0.028867513459723437
2024-03-05,6.38,6.38,6.18,6.2,8576025.0,6.28,6.253186873384816,-0.01898734177215189,0.06928203230285403
2024-03-06,6.21,6.28,6.15,6.16,10161968.0,6.226666666666667,6.206593436692408,-0.006451612903225823,0.08326663997872401
2024-03-07,6.2,6.25,6.09,6.15,11080427.0,6.170000000000001,6.178296718346204,-0.0016233766233766378,0.02645751311088092
2024-03-08,6.12,6.27,6.12,6.19,6160551.0,6.166666666666667,6.184148359173102,0.006504065040650486,0.020816659994959446
2024-03-11,6.13,6.38,6.13,6.22,9495698.0,6.186666666666667,6.2020741795865515,0.004846526655896577,0.03511884584302276
2024-03-12,6.29,6.3,6.15,6.17,5020932.0,6.1933333333333325,6.186037089793276,-0.008038585209003135,0.025166114784489685
2024-03-13,6.2,6.27,5.97,6.02,18744663.0,6.136666666666667,6.103018544896638,-0.024311183144246407,0.10408329997336467
2024-03-14,6.04,6.21,6.04,6.18,9734917.0,6.123333333333334,6.141509272448319,0.02657807308970095,0.08962886439839153
2024-03-15,6.2,6.27,6.13,6.22,9033178.0,6.14,6.18075463622416,0.006472491909385036,0.10583005244264101
2024-03-18,6.22,6.26,6.15,6.23,7545903.0,6.21,6.20537731811208,0.001607717041800738,0.02645751311089301
2024-03-19,6.19,6.23,6.05,6.14,17912724.0,6.196666666666666,6.17268865905604,-0.014446227929374111,0.0493288286232932
2024-03-20,5.36,5.36,5.19,5.28,45010786.0,5.883333333333333,5.72634432952802,-0.1400651465798045,0.5244362052083572
2024-03-21,5.4,5.62,5.35,5.44,29102209.0,5.62,5.58317216476401,0.030303030303030276,0.4573838650411766
2024-03-22,5.49,5.55,5.19,5.43,8281048.0,5.383333333333333,5.506586082382005,-0.0018382352941177516,0.08962886439833896
2024-03-25,5.47,5.5,5.28,5.39,3331395.0,5.419999999999999,5.448293041191002,-0.007366482504604033,0.026457513110702546
2024-03-26,5.34,5.45,5.3,5.35,3425397.0,5.39,5.399146520595501,-0.007421150278293154,0.04000000000003232
2024-03-27,5.35,5.5,5.2,5.36,6268578.0,5.366666666666666,5.37957326029775,0.0018691588785046953,0.020816659994715776
2024-03-28,5.32,5.42,5.31,5.34,5000978.0,5.3500000000000005,5.359786630148875,-0.003731343283582156,0.010000000000102285
2024-03-29,5.4,5.4,5.31,5.34,3056257.0,5.346666666666667,5.349893315074437,0.0,0.011547005383878919
2024-04-01,5.35,5.44,5.29,5.31,2340701.0,5.33,5.329946657537219,-0.005617977528089901,0.017320508075738778
2024-04-02,5.35,5.35,5.19,5.24,5487193.0,5.296666666666666,5.28497332876861,-0.013182674199623268,0.05131601439448053
2024-04-03,5.26,5.33,5.24,5.28,4565990.0,5.276666666666667,5.2824866643843045,0.007633587786259444,0.03511884584285529
2024-04-04,5.3,5.44,5.29,5.35,8316403.0,5.29,5.316243332192152,0.01325757575757569,0.055677643628310174
2024-04-08,5.35,5.41,5.3,5.4,3207757.0,5.343333333333334,5.358121666096077,0.009345794392523477,0.06027713773343335
2024-04-09,5.36,5.53,5.36,5.47,8207555.0,5.406666666666666,5.414060833048039,0.012962962962962843,0.060277137733440934
2024-04-15,5.5,5.68,5.37,5.59,14072774.0,5.486666666666667,5.502030416524019,0.021937842778793515,0.09609023536935096
2024-04-16,5.72,5.77,5.65,5.67,11557018.0,5.576666666666665,5.58601520826201,0.014311270125223707,0.10066445913696973
2024-04-17,5.6,5.79,5.5,5.69,9423506.0,5.6499999999999995,5.638007604131005,0.003527336860670305,0.05291502622135198
2024-04-18,5.7,5.77,5.56,5.59,11267977.0,5.6499999999999995,5.614003802065502,-0.017574692442882345,0.05291502622135198
2024-04-19,5.65,5.73,5.39,5.46,21408159.0,5.580000000000001,5.537001901032751,-0.023255813953488302,0.11532562594673097
2024-04-22,5.53,5.65,5.38,5.44,20540084.0,5.496666666666666,5.488500950516375,-0.003663003663003539,0.0814452781524943
2024-04-23,5.5,5.51,5.35,5.36,5611939.0,5.419999999999999,5.424250475258187,-0.014705882352941235,0.05291502622131548
2024-04-24,5.44,5.48,5.25,5.3,11249579.0,5.366666666666667,5.362125237629094,-0.011194029850746356,0.07023769168569644
2024-04-25,5.38,5.38,5.24,5.29,10396140.0,5.316666666666666,5.326062618814547,-0.0018867924528301883,0.037859388972011236
2024-04-26,5.31,5.5,5.25,5.27,13428775.0,5.286666666666666,5.298031309407273,-0.003780718336483968,0.015275252316525422
2024-04-29,5.28,5.31,5.15,5.18,8563701.0,5.246666666666666,5.239015654703636,-0.017077798861480087,0.058594652770818996
2024-04-30,5.38,5.38,5.06,5.1,7936919.0,5.183333333333333,5.1695078273518185,-0.015444015444015413,0.08504900548114441
2024-05-02,5.0,5.12,4.87,4.9,20168992.0,5.06,5.034753913675909,-0.039215686274509665,0.14422205101854665
2024-05-03,4.95,5.07,4.94,5.01,6231873.0,5.003333333333333,5.022376956837954,0.02244897959183656,0.1001665280087548
2024-05-06,5.05,5.05,4.98,5.0,4848114.0,4.97,5.011188478418977,-0.001996007984031878,0.06082762530293935
2024-05-07,5.11,5.11,4.97,4.99,3243941.0,5.0,5.000594239209489,-0.0020000000000000018,0.009999999999765573
2024-05-08,5.0,5.05,4.91,4.93,4340483.0,4.973333333333334,4.965297119604744,-0.012024048096192508,0.037859388971934665
2024-05-09,4.98,5.08,4.94,5.01,5777825.0,4.976666666666667,4.987648559802372,0.016227180527383478,0.04163331998926221
2024-05-10,5.0,5.06,4.96,4.99,2937556.0,4.976666666666667,4.988824279901186,-0.003992015968063756,0.04163331998926221
2024-05-13,5.0,5.11,4.97,5.05,6953515.0,5.016666666666667,5.019412139950592,0.012024048096192397,0.030550504632966716
2024-05-14,5.08,5.24,5.06,5.11,4422084.0,5.05,5.064706069975296,0.011881188118811892,0.05999999999996746
2024-05-15,5.17,5.17,5.06,5.13,3799100.0,5.096666666666667,5.097353034987648,0.003913894324853118,0.04163331998928367
2024-05-16,5.13,5.15,5.05,5.07,1718749.0,5.103333333333333,5.083676517493824,-0.011695906432748426,0.030550504632986895
2024-05-17,5.1,5.22,5.0,5.16,5272771.0,5.12,5.121838258746912,0.017751479289940697,0.045825756949526134
2024-05-20,5.15,5.2,5.02,5.06,3419162.0,5.096666666666667,5.0909191293734555,-0.019379844961240456,0.05507570547283149
2024-05-21,5.06,5.08,4.99,5.0,3855589.0,5.073333333333333,5.045459564686728,-0.011857707509881354,0.08082903768652556
2024-05-22,5.01,5.08,4.92,4.95,7828131.0,5.003333333333333,4.997729782343364,-0.010000000000000009,0.055075705472819654
2024-05-23,5.0,5.0,4.92,4.98,5508421.0,4.976666666666667,4.988864891171682,0.0060606060606061,0.025166114784138098
2024-05-24,4.92,5.05,4.92,5.01,3906368.0,4.98,4.999432445585841,0.0060240963855420215,0.0299999999999188
2024-05-27,5.02,5.08,4.86,4.91,8008934.0,4.966666666666668,4.9547162227929205,-0.019960079840319334,0.051316014394419227
2024-05-29,4.97,4.97,4.87,4.91,6466817.0,4.943333333333334,4.932358111396461,0.0,0.05773502691891514
2024-05-30,4.99,4.99,4.87,4.91,2593579.0,4.91,4.92117905569823,0.0,0.0
2024-05-31,4.92,4.97,4.85,4.88,4778029.0,4.8999999999999995,4.900589527849116,-0.006109979633401319,0.017320508075511602
2024-06-03,4.94,4.97,4.88,4.92,1386929.0,4.903333333333333,4.910294763924558,0.008196721311475308,0.020816659994515145
2024-06-04,4.91,4.92,4.83,4.87,3295795.0,4.890000000000001,4.890147381962279,-0.010162601626016232,0.026457513110526562
2024-06-05,4.92,4.92,4.83,4.84,1322065.0,4.876666666666666,4.86507369098114,-0.006160164271047264,0.040414518843192845
2024-06-06,4.85,4.89,4.73,4.75,5353917.0,4.82,4.80753684549057,-0.018595041322314043,0.062449979983923744
2024-06-07,4.75,4.8,4.59,4.69,10547974.0,4.76,4.748768422745285,-0.012631578947368327,0.07549834435265045
2024-06-10,4.7,4.79,4.68,4.72,741139.0,4.72,4.734384211372642,0.006396588486140553,0.02999999999984562
2024-06-11,4.73,4.78,4.6,4.63,2354681.0,4.680000000000001,4.682192105686321,-0.01906779661016944,0.045825756949449896
2024-06-12,4.61,4.68,4.59,4.64,1382998.0,4.663333333333333,4.66109605284316,0.002159827213822796,0.04932882862305892
2024-06-13,4.65,4.85,4.65,4.78,3532671.0,4.683333333333334,4.7205480264215804,0.030172413793103647,0.08386497083600197
2024-06-14,4.85,4.85,4.71,4.83,1981190.0,4.75,4.77527401321079,0.010460251046024993,0.09848857801791631
2024-06-20,4.88,5.09,4.83,5.02,20657396.0,4.876666666666666,4.897637006605395,0.039337474120082705,0.12662279942145618
2024-06-21,5.06,5.14,4.92,4.97,7768926.0,4.94,4.933818503302698,-0.009960159362549792,0.09848857801793072
2024-06-24,4.95,5.0,4.88,4.93,10443245.0,4.973333333333333,4.931909251651349,-0.008048289738430636,0.04509249752816941
2024-06-25,4.96,4.96,4.82,4.84,2281918.0,4.913333333333333,4.885954625825674,-0.018255578093306246,0.06658328118474612
2024-06-26,4.83,4.88,4.72,4.73,7351307.0,4.833333333333333,4.807977312912837,-0.022727272727272596,0.10016652800873954
2024-06-27,4.73,4.78,4.72,4.73,3880923.0,4.766666666666667,4.768988656456418,0.0,0.06350852961078912
2024-06-28,4.77,4.99,4.75,4.87,5797301.0,4.776666666666667,4.81949432822821,0.029598308668076,0.0808290376864941
2024-07-01,4.93,4.93,4.84,4.87,1956302.0,4.823333333333334,4.844747164114105,0.0,0.08082903768649904
2024-07-02,4.87,5.09,4.83,5.03,11064446.0,4.923333333333334,4.937373582057052,0.03285420944558526,0.09237604307030652
2024-07-03,5.06,5.44,5.06,5.4,31468760.0,5.1000000000000005,5.168686791028526,0.07355864811133195,0.2718455443813575
2024-07-04,5.51,5.65,5.33,5.53,29276220.0,5.32,5.349343395514263,0.024074074074074137,0.25942243542145677
2024-07-05,5.66,5.77,5.5,5.7,34409587.0,5.543333333333334,5.524671697757132,0.030741410488245968,0.1504437879519678
2024-07-08,5.7,5.85,5.59,5.79,17587329.0,5.673333333333333,5.657335848878565,0.015789473684210575,0.13203534880227552
2024-07-09,5.85,6.1,5.71,5.93,43339979.0,5.806666666666666,5.793667924439283,0.024179620034542326,0.11590225767145622
2024-07-10,6.0,6.0,5.71,5.74,16102902.0,5.82,5.766833962219641,-0.03204047217537931,0.09848857801799928
2024-07-11,5.71,5.83,5.61,5.69,7219643.0,5.786666666666666,5.72841698110982,-0.008710801393728151,0.1266227994215114
2024-07-12,5.75,5.76,5.43,5.61,7095310.0,5.680000000000001,5.66920849055491,-0.01405975395430581,0.06557438524306153
2024-07-15,5.69,5.75,5.52,5.63,7402428.0,5.6433333333333335,5.649604245277455,0.0035650623885916666,0.04163331998938184
2024-07-18,5.63,5.67,5.5,5.53,4229979.0,5.59,5.589802122638728,-0.017761989342806372,0.052915026221331936
2024-07-19,5.5,5.56,5.35,5.38,3859518.0,5.513333333333333,5.4849010613193645,-0.027124773960217063,0.12583057392119296
2024-07-22,5.55,5.55,5.14,5.18,5385243.0,5.363333333333333,5.332450530659682,-0.03717472118959109,0.17559422921421797
2024-07-23,5.21,5.39,5.15,5.25,3053493.0,5.27,5.291225265329841,0.013513513513513598,0.10148891565092646
2024-07-24,5.27,5.39,5.21,5.3,4074818.0,5.243333333333333,5.29561263266492,0.00952380952380949,0.06027713773342167
2024-07-25,5.34,5.37,5.15,5.18,3335884.0,5.243333333333333,5.23780631633246,-0.02264150943396226,0.06027713773342167
2024-07-26,5.18,5.2,5.1,5.12,3799117.0,5.2,5.17890315816623,-0.01158301158301156,0.09165151389911734
2024-07-29,5.2,5.2,5.12,5.15,1644574.0,5.15,5.164451579083115,0.005859375,0.029999999999993678
2024-07-30,5.16,5.24,5.14,5.17,1277380.0,5.1466666666666665,5.167225789541558,0.003883495145631022,0.025166114784227714
2024-07-31,5.21,5.21,5.07,5.11,1438500.0,5.1433333333333335,5.1386128947707785,-0.011605415860734936,0.03055050463303177
2024-08-01,5.11,5.15,5.06,5.11,1619389.0,5.13,5.12430644738539,0.0,0.034641016151369546
2024-08-02,5.1,5.18,5.07,5.11,2224366.0,5.11,5.117153223692695,0.0,0.0
2024-08-05,5.1,5.15,5.01,5.06,2843925.0,5.093333333333334,5.088576611846348,-0.009784735812133238,0.0288675134594666
2024-08-06,5.16,5.16,5.0,5.01,3459201.0,5.06,5.049288305923174,-0.009881422924901129,0.049999999999988554
2024-08-07,5.08,5.08,5.0,5.01,2975191.0,5.026666666666666,5.029644152961587,0.0,0.02886751345945538
2024-08-08,5.03,5.06,4.97,5.01,2875842.0,5.01,5.019822076480793,0.0,0.0
